benchmark_id,test_case_id,prompt,difficulty,Orchestrator_1_message,Orchestrator_1_evaluation,Orchestrator_1_evaluation_gt,Orchestrator_1_perplexity,Orchestrator_1_energy_consumed_kwh,Orchestrator_1_cpu_energy_kwh,Orchestrator_1_gpu_energy_kwh,Orchestrator_1_ram_energy_kwh,Orchestrator_1_emissions_kg_co2,Retriever_1_message,Retriever_1_evaluation,Retriever_1_evaluation_gt,Retriever_1_perplexity,Retriever_1_energy_consumed_kwh,Retriever_1_cpu_energy_kwh,Retriever_1_gpu_energy_kwh,Retriever_1_ram_energy_kwh,Retriever_1_emissions_kg_co2,Orchestrator_2_message,Orchestrator_2_evaluation,Orchestrator_2_evaluation_gt,Orchestrator_2_perplexity,Orchestrator_2_energy_consumed_kwh,Orchestrator_2_cpu_energy_kwh,Orchestrator_2_gpu_energy_kwh,Orchestrator_2_ram_energy_kwh,Orchestrator_2_emissions_kg_co2,Analyzer_1_message,Analyzer_1_evaluation,Analyzer_1_evaluation_gt,Analyzer_1_perplexity,Analyzer_1_energy_consumed_kwh,Analyzer_1_cpu_energy_kwh,Analyzer_1_gpu_energy_kwh,Analyzer_1_ram_energy_kwh,Analyzer_1_emissions_kg_co2,Orchestrator_3_message,Orchestrator_3_evaluation,Orchestrator_3_evaluation_gt,Orchestrator_3_perplexity,Orchestrator_3_energy_consumed_kwh,Orchestrator_3_cpu_energy_kwh,Orchestrator_3_gpu_energy_kwh,Orchestrator_3_ram_energy_kwh,Orchestrator_3_emissions_kg_co2,Visualizer_1_message,Visualizer_1_evaluation,Visualizer_1_evaluation_gt,Visualizer_1_perplexity,Visualizer_1_energy_consumed_kwh,Visualizer_1_cpu_energy_kwh,Visualizer_1_gpu_energy_kwh,Visualizer_1_ram_energy_kwh,Visualizer_1_emissions_kg_co2,Orchestrator_4_message,Orchestrator_4_evaluation,Orchestrator_4_evaluation_gt,Orchestrator_4_perplexity,Orchestrator_4_energy_consumed_kwh,Orchestrator_4_cpu_energy_kwh,Orchestrator_4_gpu_energy_kwh,Orchestrator_4_ram_energy_kwh,Orchestrator_4_emissions_kg_co2,Retriever_cumulative_energy_consumed_kwh,Retriever_cumulative_cpu_energy_kwh,Retriever_cumulative_gpu_energy_kwh,Retriever_cumulative_ram_energy_kwh,Retriever_cumulative_emissions_kg_co2,Analyzer_cumulative_energy_consumed_kwh,Analyzer_cumulative_cpu_energy_kwh,Analyzer_cumulative_gpu_energy_kwh,Analyzer_cumulative_ram_energy_kwh,Analyzer_cumulative_emissions_kg_co2,Visualizer_cumulative_energy_consumed_kwh,Visualizer_cumulative_cpu_energy_kwh,Visualizer_cumulative_gpu_energy_kwh,Visualizer_cumulative_ram_energy_kwh,Visualizer_cumulative_emissions_kg_co2,Orchestrator_cumulative_energy_consumed_kwh,Orchestrator_cumulative_cpu_energy_kwh,Orchestrator_cumulative_gpu_energy_kwh,Orchestrator_cumulative_ram_energy_kwh,Orchestrator_cumulative_emissions_kg_co2,global_energy_consumed_kwh,global_cpu_energy_kwh,global_gpu_energy_kwh,global_ram_energy_kwh,global_emissions_kg_co2
low_temp_bench,0,Show me the sales in Nov 2021,2,The chosen agent is Retriever,,,,,,,,,"I executed this query to retrieve the required data:

'''SQL
SELECT CAST(s.Sold_Date AS VARCHAR) AS Sale_Date, SUM(s.Total_Sale_Value) AS Total_Sales 
FROM sales s 
WHERE CAST(s.Sold_Date AS VARCHAR) LIKE '%2021-11%' 
GROUP BY s.Sold_Date 
ORDER BY s.Sold_Date;
'''

The resulting DataFrame has 29 rows with columns : Sale_Date, Total_Sales",,1.0,1.021672680387016,,,,,,The chosen agent is Analyzer,,,,,,,,,"In November 2021, total sales amounted to $499,984.43 across 29 transactions. The daily sales varied, with the highest single day being November 25, which recorded $52,004.60.",,1.0,1.1443658543954813,,,,,,The chosen agent is Visualizer,,,,,,,,,"The code for a proper visualization is:

'''python
x_data = data_df[config['x_axis']]
y_data = data_df[config['y_axis']]

plt.figure(figsize=(12, 6))
plt.plot(x_data, y_data, marker='o')
plt.xlabel(config['x_axis'])
plt.ylabel(config['y_axis'])
plt.title(config['title'])
plt.xticks(rotation=45, ha='right')
plt.grid(True, alpha=0.3)
plt.tight_layout()
plt.show()
'''
 The configuration for matplotlib is:
{'chart_type': 'line', 'x_axis': 'sold_date', 'y_axis': 'total_sales_value', 'title': 'Sales Trend for November 2021'}",,0.9999999999999999,1.0050950128329657,,,,,,The chosen agent is End,,,,0.0,0.0,0.0,0.0,0.0,0,0,0,0,0,0,0,0,0,0,0.0,0.0,0.0,0.0,0.0,0,0,0,0,0,0,0,0,0,0
low_temp_bench,1,Show the 12 months of 2023 with total revenue and total units sold,2,The chosen agent is Retriever,,,,,,,,,"I executed this query to retrieve the required data:

'''SQL
SELECT DATE_TRUNC('month', s.Sold_Date) AS Month, 
       SUM(s.Total_Sale_Value) AS Total_Revenue, 
       SUM(s.Qty_Sold) AS Total_Units_Sold 
FROM sales s 
WHERE EXTRACT(YEAR FROM s.Sold_Date) = 2023 
GROUP BY Month 
ORDER BY Month;
'''

The resulting DataFrame has 12 rows with columns : Month, Total_Revenue, Total_Units_Sold",,1.0,1.0057056899081038,,,,,,The chosen agent is Analyzer,,,,,,,,,"In 2023, the total revenue and total units sold for each month are as follows: January - $434,172.81 with 33,653 units; February - $411,762.72 with 31,545 units; March - $423,070.84 with 32,460 units; April - $384,479.68 with 30,199 units; May - $381,326.43 with 31,154 units; June - $364,806.74 with 29,082 units; July - $353,284.21 with 27,932 units; August - $401,061.54 with 31,903 units; September - $422,554.97 with 31,847 units; October - $454,231.06 with 38,208 units; November - $511,104.29 with 41,043 units; December - $874,263.67 with 60,941 units. The total revenue for the year is $5,416,118.96, with a total of 419,967 units sold.",,1.0,1.0252090942581082,,,,,,The chosen agent is Visualizer,,,,,,,,,"The code for a proper visualization is:

'''python
x_data = data_df[config['x_axis']]
y_data = data_df[config['y_axis']]

plt.figure(figsize=(12, 6))
plt.plot(x_data, y_data, marker='o')
plt.xlabel(config['x_axis'])
plt.ylabel(config['y_axis'])
plt.title(config['title'])
plt.xticks(rotation=45, ha='right')
plt.grid(True, alpha=0.3)
plt.tight_layout()
plt.show()
'''
 The configuration for matplotlib is:
{'chart_type': 'line', 'x_axis': 'month_start', 'y_axis': 'total_revenue', 'title': 'Monthly Revenue Trends for 2023'}",,0.9999999999999999,1.0046168699443037,,,,,,The chosen agent is End,,,,0.0,0.0,0.0,0.0,0.0,0,0,0,0,0,0,0,0,0,0,0.0,0.0,0.0,0.0,0.0,0,0,0,0,0,0,0,0,0,0
low_temp_bench,2,"Return the top 5 stores by total revenue, identified by store number",1,The chosen agent is Retriever,,,,,,,,,"I executed this query to retrieve the required data:

'''SQL
SELECT s.Store_Number, SUM(s.Total_Sale_Value) AS Total_Revenue 
FROM sales s 
GROUP BY s.Store_Number 
ORDER BY Total_Revenue DESC 
LIMIT 5;
'''

The resulting DataFrame has 5 rows with columns : Store_Number, Total_Revenue",,1.0,1.0251368439988808,,,,,,The chosen agent is Analyzer,,,,,,,,,"The top 5 stores by total revenue are as follows: Store 2970 generated $836,341.33, Store 3300 generated $619,660.17, Store 1320 generated $592,832.07, Store 1650 generated $580,443.01, and Store 1210 generated $508,393.77. These figures represent the total revenue for each store.",,1.0,1.0632670444511676,,,,,,The chosen agent is End,,,,0.0,0.0,0.0,0.0,0.0,,,,,,,,,,,,,,,,,,,0,0,0,0,0,0,0,0,0,0,,,,,,0,0,0,0,0,0,0,0,0,0
low_temp_bench,3,Show total revenue by product brand for 2023 as a bar chart,3,The chosen agent is Retriever,,,,,,,,,"I executed this query to retrieve the required data:

'''SQL
SELECT p.brand, SUM(s.Total_Sale_Value) AS Total_Revenue 
FROM sales s 
JOIN products p ON s.SKU_Coded = p.SKU_Coded 
WHERE EXTRACT(YEAR FROM s.Sold_Date) = 2023 
GROUP BY p.brand 
ORDER BY Total_Revenue DESC;
'''

The resulting DataFrame has 6 rows with columns : brand, Total_Revenue",,1.0,1.003386756296922,,,,,,The chosen agent is Analyzer,,,,,,,,,"In 2023, the total revenue by product brand is as follows: GoldenCrust generated $1,237,536.46, CreamyFarm $1,116,963.60, CleanHome $985,063.32, CoolSip $942,234.79, GlowUp $682,053.43, and CrunchTime $452,267.33. The overall total revenue across all brands amounts to $5,416,118.93.",,1.0,1.0433019237922196,,,,,,The chosen agent is Visualizer,,,,,,,,,"The code for a proper visualization is:

'''python
x_data = data_df[config['x_axis']]
y_data = data_df[config['y_axis']]

plt.figure(figsize=(10, 6))
plt.bar(x_data, y_data)
plt.xlabel(config['x_axis'])
plt.ylabel(config['y_axis'])
plt.title(config['title'])

if len(x_data) > 10 or x_data.str.len().max() > 10:
    plt.xticks(rotation=45, ha='right', fontsize=9)
else:
    plt.xticks(rotation=0)

plt.tight_layout()
plt.show()
'''
 The configuration for matplotlib is:
{'chart_type': 'bar', 'x_axis': 'brand', 'y_axis': 'total_revenue', 'title': 'Total Revenue by Brand for 2023'}",,0.8999999999999999,1.0281405180566041,,,,,,The chosen agent is End,,,,0.0,0.0,0.0,0.0,0.0,0,0,0,0,0,0,0,0,0,0,0.0,0.0,0.0,0.0,0.0,0,0,0,0,0,0,0,0,0,0
low_temp_bench,4,Compare average monthly revenue between store regions for 2022 and 2023,4,The chosen agent is Retriever,,,,,,,,,"I executed this query to retrieve the required data:

'''SQL
SELECT st.region, s.yr AS year, ROUND(AVG(s.monthly_rev), 2) AS avg_monthly_revenue 
FROM (
    SELECT Store_Number, 
           EXTRACT(YEAR FROM CAST(Sold_Date AS DATE)) AS yr, 
           DATE_TRUNC('month', CAST(Sold_Date AS DATE)) AS month, 
           SUM(Total_Sale_Value) AS monthly_rev 
    FROM sales 
    WHERE EXTRACT(YEAR FROM CAST(Sold_Date AS DATE)) IN (2022, 2023) 
    GROUP BY Store_Number, yr, month
) s 
JOIN stores st ON s.Store_Number = st.Store_Number 
GROUP BY st.region, s.yr 
ORDER BY st.region, s.yr;
'''

The resulting DataFrame has 8 rows with columns : region, year, avg_monthly_revenue",,1.0,1.0061781905118803,,,,,,The chosen agent is Analyzer,,,,,,,,,"In 2022, the average monthly revenue for the Midwest region was $10,522.09, which increased to $10,821.44 in 2023. Conversely, the Northeast region saw a decrease from $17,703.52 in 2022 to $14,970.11 in 2023, while the South region's average monthly revenue dropped from $14,925.39 to $14,578.71, and the West region's revenue decreased from $12,241.59 to $12,129.50 during the same period.",,1.0,1.101254145797292,,,,,,The chosen agent is Visualizer,,,,,,,,,"The code for a proper visualization is:

'''python
import matplotlib.pyplot as plt
import pandas as pd
import numpy as np

group_col = config['group_by']
x_col = config['x_axis']
y_col = config['y_axis']

groups = sorted(data_df[group_col].unique())
x_labels = sorted(data_df[x_col].unique())
x = np.arange(len(x_labels))
n_series = len(groups)
bar_width = 0.8 / n_series

plt.figure(figsize=(12, 6))
for i, group_val in enumerate(groups):
    df_group = data_df[data_df[group_col] == group_val].set_index(x_col)
    y_vals = [df_group.loc[xl, y_col] if xl in df_group.index else 0 for xl in x_labels]
    offset = (i - n_series / 2 + 0.5) * bar_width
    plt.bar(x + offset, y_vals, width=bar_width, label=str(group_val))

plt.xlabel(x_col)
plt.ylabel(y_col)
plt.title(config['title'])
plt.xticks(x, x_labels, rotation=45, ha='right')
plt.legend()
plt.grid(True, axis='y', alpha=0.3)
plt.tight_layout()
plt.show()
'''
 The configuration for matplotlib is:
{'chart_type': 'bar', 'x_axis': 'region', 'y_axis': 'avg_monthly_revenue', 'group_by': 'year', 'title': 'Avg Monthly Revenue by Region: 2022 vs 2023'}",,0.9999999999999999,1.0021408483752268,,,,,,The chosen agent is End,,,,0.0,0.0,0.0,0.0,0.0,0,0,0,0,0,0,0,0,0,0,0.0,0.0,0.0,0.0,0.0,0,0,0,0,0,0,0,0,0,0
low_temp_bench,5,Show promo vs non-promo revenue in 2023 as a bar chart,1,The chosen agent is Retriever,,,,,,,,,"I executed this query to retrieve the required data:

'''SQL
SELECT 
    CASE 
        WHEN s.On_Promo = 1 THEN 'Promo' 
        ELSE 'Non-Promo' 
    END AS Promo_Status, 
    SUM(s.Total_Sale_Value) AS Total_Revenue 
FROM 
    sales s 
WHERE 
    EXTRACT(YEAR FROM s.Sold_Date) = 2023 
GROUP BY 
    Promo_Status 
ORDER BY 
    Promo_Status;
'''

The resulting DataFrame has 2 rows with columns : Promo_Status, Total_Revenue",,1.0,1.0294623379267052,,,,,,The chosen agent is Analyzer,,,,,,,,,"In 2023, the total revenue from Non-Promo sales was $5,316,412.07, while Promo sales generated $99,706.86. This indicates a significant difference in revenue, with Non-Promo sales accounting for the vast majority of total revenue.",,1.0,1.1111520744452137,,,,,,The chosen agent is Visualizer,,,,,,,,,"The code for a proper visualization is:

'''python
x_data = data_df[config['x_axis']]
y_data = data_df[config['y_axis']]

plt.figure(figsize=(10, 6))
plt.bar(x_data, y_data)
plt.xlabel(config['x_axis'])
plt.ylabel(config['y_axis'])
plt.title(config['title'])

if len(x_data) > 10 or x_data.dtype == 'object':
    plt.xticks(rotation=45, ha='right', fontsize=9)

plt.tight_layout()
plt.show()
'''
 The configuration for matplotlib is:
{'chart_type': 'bar', 'x_axis': 'promo_status', 'y_axis': 'total_revenue', 'title': 'Total Revenue by Promo Status in 2023'}",,0.9999999999999999,1.034476309491609,,,,,,The chosen agent is End,,,,0.0,0.0,0.0,0.0,0.0,0,0,0,0,0,0,0,0,0,0,0.0,0.0,0.0,0.0,0.0,0,0,0,0,0,0,0,0,0,0
low_temp_bench,6,Return the top 10 product class codes by total units sold in 2023,1,The chosen agent is Retriever,,,,,,,,,"I executed this query to retrieve the required data:

'''SQL
SELECT p.Product_Class_Code, SUM(s.Qty_Sold) AS Total_Units_Sold 
FROM sales s 
JOIN products p ON s.SKU_Coded = p.SKU_Coded 
WHERE EXTRACT(YEAR FROM s.Sold_Date) = 2023 
GROUP BY p.Product_Class_Code 
ORDER BY Total_Units_Sold DESC 
LIMIT 10;
'''

The resulting DataFrame has 10 rows with columns : Product_Class_Code, Total_Units_Sold",,1.0,1.0062210062036205,,,,,,The chosen agent is Analyzer,,,,,,,,,"The top 10 product class codes by total units sold in 2023 are as follows: 22850 with 89,229 units, 22975 with 60,425 units, 22800 with 57,485 units, 22875 with 52,055 units, 24400 with 46,218 units, 24425 with 38,045 units, 22950 with 26,689 units, 22925 with 17,320 units, 22825 with 13,646 units, and 24375 with 11,358 units. The total units sold across these classes amount to 412,470.",,1.0,1.0277010730419707,,,,,,The chosen agent is End,,,,0.0,0.0,0.0,0.0,0.0,,,,,,,,,,,,,,,,,,,0,0,0,0,0,0,0,0,0,0,,,,,,0,0,0,0,0,0,0,0,0,0
low_temp_bench,7,"Show the top 8 stores by total units sold in 2022 as a bar chart, identifying each store by its store number",1,The chosen agent is Retriever,,,,,,,,,"I executed this query to retrieve the required data:

'''SQL
SELECT s.Store_Number, SUM(s.Qty_Sold) AS Total_Units_Sold 
FROM sales s 
WHERE EXTRACT(YEAR FROM s.Sold_Date) = 2022 
GROUP BY s.Store_Number 
ORDER BY Total_Units_Sold DESC 
LIMIT 8;
'''

The resulting DataFrame has 8 rows with columns : Store_Number, Total_Units_Sold",,1.0,1.019610254759233,,,,,,The chosen agent is Analyzer,,,,,,,,,"The top 8 stores by total units sold in 2022 are as follows: Store 2970 sold 23,580 units, Store 3300 sold 19,158 units, Store 1650 sold 17,778 units, Store 1210 sold 17,158 units, Store 1320 sold 17,013 units, Store 3080 sold 16,717 units, Store 1100 sold 15,968 units, and Store 1540 sold 14,517 units. The total units sold across these stores amounted to 141,889.",,1.0,1.0192443508168278,,,,,,The chosen agent is Visualizer,,,,,,,,,"The code for a proper visualization is:

'''python
x_data = data_df[config['x_axis']]
y_data = data_df[config['y_axis']]

plt.figure(figsize=(10, 6))
plt.bar(x_data, y_data)
plt.xlabel(config['x_axis'])
plt.ylabel(config['y_axis'])
plt.title(config['title'])

if len(x_data) > 10 or x_data.dtype == 'object':
    plt.xticks(rotation=45, ha='right', fontsize=9)

plt.tight_layout()
plt.show()
'''
 The configuration for matplotlib is:
{'chart_type': 'bar', 'x_axis': 'store_number', 'y_axis': 'total_units', 'title': 'Total Units Sold by Store in 2022'}",,0.95,1.0295435260213572,,,,,,The chosen agent is End,,,,0.0,0.0,0.0,0.0,0.0,0,0,0,0,0,0,0,0,0,0,0.0,0.0,0.0,0.0,0.0,0,0,0,0,0,0,0,0,0,0
low_temp_bench,8,Return the top 10 sales days in 2023 with total revenue and total units sold,2,The chosen agent is Retriever,,,,,,,,,"I executed this query to retrieve the required data:

'''SQL
SELECT CAST(s.Sold_Date AS VARCHAR) AS Sale_Date, 
       SUM(s.Total_Sale_Value) AS Total_Revenue, 
       SUM(s.Qty_Sold) AS Total_Units_Sold 
FROM sales s 
WHERE EXTRACT(YEAR FROM s.Sold_Date) = 2023 
GROUP BY s.Sold_Date 
ORDER BY Total_Revenue DESC 
LIMIT 10;
'''

The resulting DataFrame has 10 rows with columns : Sale_Date, Total_Revenue, Total_Units_Sold",,1.0,1.027443415351891,,,,,,The chosen agent is Analyzer,,,,,,,,,"The top 10 sales days in 2023 are as follows: December 22 with total revenue of $62,640.70 and 4,059 units sold; November 23 with $57,397.29 and 4,014 units; December 23 with $52,036.12 and 3,385 units; December 21 with $48,561.60 and 3,275 units; December 15 with $47,585.78 and 3,287 units; December 24 with $43,304.69 and 2,782 units; December 20 with $37,140.17 and 2,483 units; December 14 with $35,778.06 and 2,406 units; December 8 with $35,681.41 and 2,684 units; and December 16 with $34,630.77 and 2,435 units.",,1.0,1.0176196695649753,,,,,,The chosen agent is End,,,,0.0,0.0,0.0,0.0,0.0,,,,,,,,,,,,,,,,,,,0,0,0,0,0,0,0,0,0,0,,,,,,0,0,0,0,0,0,0,0,0,0
low_temp_bench,9,"Show store cities where total revenue in 2022 exceeded 200,000 as a bar chart",3,The chosen agent is Retriever,,,,,,,,,"I executed this query to retrieve the required data:

'''SQL
SELECT st.city, SUM(s.Total_Sale_Value) AS Total_Revenue 
FROM sales s 
JOIN stores st ON s.Store_Number = st.Store_Number 
WHERE EXTRACT(YEAR FROM s.Sold_Date) = 2022 
GROUP BY st.city 
HAVING SUM(s.Total_Sale_Value) > 200000 
ORDER BY Total_Revenue DESC;
'''

The resulting DataFrame has 7 rows with columns : city, Total_Revenue",,1.0,1.0046785636868445,,,,,,The chosen agent is Analyzer,,,,,,,,,"The cities where total revenue in 2022 exceeded $200,000 are Washington ($342,948.68), Memphis ($255,559.74), Austin ($244,685.18), Dallas ($223,011.84), Las Vegas ($220,189.75), San Diego ($218,250.61), and San Antonio ($202,010.28). This data can be represented in a bar chart to visualize the revenue for each city.",,1.0,1.098894034216883,,,,,,The chosen agent is Visualizer,,,,,,,,,"The code for a proper visualization is:

'''python
x_col = config['x_axis']
y_col = config['y_axis']

if 'y_axes' in config:
    y_axes = config['y_axes']
    n_series = len(y_axes)
    bar_width = 0.8 / n_series
    x_labels = data_df[x_col].astype(str)
    x = np.arange(len(x_labels))

    plt.figure(figsize=(12, 6))
    for i, col in enumerate(y_axes):
        offset = (i - n_series / 2 + 0.5) * bar_width
        plt.bar(x + offset, data_df[col], width=bar_width, label=col)

    plt.xlabel(x_col)
    plt.ylabel('Value')
    plt.title(config['title'])
    plt.xticks(x, x_labels, rotation=45, ha='right')
    plt.legend()
    
elif 'group_by' in config:
    group_col = config['group_by']
    groups = sorted(data_df[group_col].unique())
    x_labels = sorted(data_df[x_col].unique())
    x = np.arange(len(x_labels))
    n_series = len(groups)
    bar_width = 0.8 / n_series

    plt.figure(figsize=(12, 6))
    for i, group_val in enumerate(groups):
        df_group = data_df[data_df[group_col] == group_val].set_index(x_col)
        y_vals = [df_group.loc[xl, y_col] if xl in df_group.index else 0 for xl in x_labels]
        offset = (i - n_series / 2 + 0.5) * bar_width
        plt.bar(x + offset, y_vals, width=bar_width, label=str(group_val))

    plt.xlabel(x_col)
    plt.ylabel(y_col)
    plt.title(config['title'])
    plt.xticks(x, x_labels, rotation=45, ha='right')
    plt.legend()

else:
    x_data = data_df[x_col]
    y_data = data_df[y_col]

    plt.figure(figsize=(10, 6))
    plt.bar(x_data, y_data)
    plt.xlabel(x_col)
    plt.ylabel(y_col)
    plt.title(config['title'])
    plt.xticks(rotation=45, ha='right')

plt.tight_layout()
plt.show()
'''
 The configuration for matplotlib is:
{'chart_type': 'bar', 'x_axis': 'city', 'y_axis': 'total_revenue', 'title': 'Total Revenue by City Exceeding $200,000 in 2022'}",,0.8999999999999999,1.013531868460819,,,,,,The chosen agent is End,,,,0.0,0.0,0.0,0.0,0.0,0,0,0,0,0,0,0,0,0,0,0.0,0.0,0.0,0.0,0.0,0,0,0,0,0,0,0,0,0,0
low_temp_bench,10,Show monthly revenue for product class code 22975 in 2022 as a line chart,2,The chosen agent is Retriever,,,,,,,,,"I executed this query to retrieve the required data:

'''SQL
SELECT DATE_TRUNC('month', s.Sold_Date) AS Month, SUM(s.Total_Sale_Value) AS Monthly_Revenue 
FROM sales s 
WHERE s.Product_Class_Code = 22975 
AND EXTRACT(YEAR FROM s.Sold_Date) = 2022 
GROUP BY Month 
ORDER BY Month;
'''

The resulting DataFrame has 12 rows with columns : Month, Monthly_Revenue",,1.0,1.0350633315133053,,,,,,The chosen agent is Analyzer,,,,,,,,,"The monthly revenue for product class code 22975 in 2022 is as follows: January - $109,375.06, February - $104,525.62, March - $107,997.17, April - $93,714.22, May - $82,721.25, June - $74,547.65, July - $73,802.56, August - $89,880.80, September - $100,250.83, October - $91,346.61, November - $85,311.64, and December - $122,319.24. The total revenue for the year amounted to $1,135,792.65.",,1.0,1.0237563487570676,,,,,,The chosen agent is Visualizer,,,,,,,,,"The code for a proper visualization is:

'''python
x_data = data_df[config['x_axis']]
y_data = data_df[config['y_axis']]

plt.figure(figsize=(12, 6))
plt.plot(x_data, y_data, marker='o')
plt.xlabel(config['x_axis'])
plt.ylabel(config['y_axis'])
plt.title(config['title'])
plt.xticks(rotation=45, ha='right')
plt.grid(True, alpha=0.3)
plt.tight_layout()
plt.show()
'''
 The configuration for matplotlib is:
{'chart_type': 'line', 'x_axis': 'month_start', 'y_axis': 'total_revenue', 'title': 'Monthly Revenue for Product Class Code 22975 in 2022'}",,0.9999999999999999,1.0044983088724786,,,,,,The chosen agent is End,,,,0.0,0.0,0.0,0.0,0.0,0,0,0,0,0,0,0,0,0,0,0.0,0.0,0.0,0.0,0.0,0,0,0,0,0,0,0,0,0,0
low_temp_bench,11,Show monthly revenue split by promo flag for 2023 as a grouped bar chart,2,The chosen agent is Retriever,,,,,,,,,"I executed this query to retrieve the required data:

'''SQL
SELECT 
    DATE_TRUNC('month', s.Sold_Date) AS Month, 
    SUM(CASE WHEN s.On_Promo = 1 THEN s.Total_Sale_Value ELSE 0 END) AS Promo_Revenue, 
    SUM(CASE WHEN s.On_Promo = 0 THEN s.Total_Sale_Value ELSE 0 END) AS Non_Promo_Revenue 
FROM 
    sales s 
WHERE 
    EXTRACT(YEAR FROM s.Sold_Date) = 2023 
GROUP BY 
    Month 
ORDER BY 
    Month;
'''

The resulting DataFrame has 12 rows with columns : Month, Promo_Revenue, Non_Promo_Revenue",,1.0,1.0111895270169806,,,,,,The chosen agent is Analyzer,,,,,,,,,"In 2023, the monthly revenue split by promo flag shows that the total promo revenue was $99,706.86, while the non-promo revenue amounted to $5,316,412.10. The highest promo revenue occurred in November with $35,099.91, while the highest non-promo revenue was in December at $835,289.24.",,1.0,1.1387880217080097,,,,,,The chosen agent is Visualizer,,,,,,,,,"The code for a proper visualization is:

'''python
import matplotlib.pyplot as plt
import pandas as pd
import numpy as np

x_labels = data_df[config['x_axis']].astype(str)
y_axes = config['y_axes']
n_series = len(y_axes)
bar_width = 0.8 / n_series
x = np.arange(len(x_labels))

plt.figure(figsize=(12, 6))
for i, col in enumerate(y_axes):
    offset = (i - n_series / 2 + 0.5) * bar_width
    plt.bar(x + offset, data_df[col], width=bar_width, label=col)

plt.xlabel(config['x_axis'])
plt.ylabel('Value')
plt.title(config['title'])
plt.xticks(x, x_labels, rotation=45, ha='right')
plt.legend()
plt.grid(True, axis='y', alpha=0.3)
plt.tight_layout()
plt.show()
'''
 The configuration for matplotlib is:
{'chart_type': 'bar', 'x_axis': 'month_start', 'y_axes': ['promo_revenue', 'non_promo_revenue'], 'title': 'Monthly Revenue in 2023: Promo vs Non-Promo Sales'}",,0.9999999999999999,1.0064092836088898,,,,,,The chosen agent is End,,,,0.0,0.0,0.0,0.0,0.0,0,0,0,0,0,0,0,0,0,0,0.0,0.0,0.0,0.0,0.0,0,0,0,0,0,0,0,0,0,0
low_temp_bench,12,Show total revenue by store type for 2023 as a bar chart,3,The chosen agent is Retriever,,,,,,,,,"I executed this query to retrieve the required data:

'''SQL
SELECT st.store_type, SUM(s.Total_Sale_Value) AS Total_Revenue 
FROM sales s 
JOIN stores st ON s.Store_Number = st.Store_Number 
WHERE EXTRACT(YEAR FROM s.Sold_Date) = 2023 
GROUP BY st.store_type 
ORDER BY Total_Revenue DESC;
'''

The resulting DataFrame has 4 rows with columns : store_type, Total_Revenue",,1.0,1.0026365549247522,,,,,,The chosen agent is Analyzer,,,,,,,,,"In 2023, the total revenue by store type is as follows: Supermarkets generated $1,938,262.70, Discount stores $1,574,739.14, Hypermarkets $1,188,793.49, and Convenience stores $714,323.60. The total revenue across all store types amounts to $5,416,118.93.",,1.0,1.0458263218464987,,,,,,The chosen agent is Visualizer,,,,,,,,,"The code for a proper visualization is:

'''python
x_data = data_df[config['x_axis']]
y_data = data_df[config['y_axis']]

plt.figure(figsize=(10, 6))
plt.bar(x_data, y_data)
plt.xlabel(config['x_axis'])
plt.ylabel(config['y_axis'])
plt.title(config['title'])

# Check for potential overlap
if len(x_data) > 10 or x_data.astype(str).str.len().max() > 10:
    plt.xticks(rotation=45, ha='right', fontsize=9)

plt.tight_layout()
plt.show()
'''
 The configuration for matplotlib is:
{'chart_type': 'bar', 'x_axis': 'store_type', 'y_axis': 'total_revenue', 'title': 'Total Revenue by Store Type'}",,0.9999999999999999,1.0511991285419273,,,,,,The chosen agent is End,,,,0.0,0.0,0.0,0.0,0.0,0,0,0,0,0,0,0,0,0,0,0.0,0.0,0.0,0.0,0.0,0,0,0,0,0,0,0,0,0,0
low_temp_bench,13,Show total units sold by product category for 2023 as a bar chart,3,The chosen agent is Retriever,,,,,,,,,"I executed this query to retrieve the required data:

'''SQL
SELECT p.category, SUM(s.Qty_Sold) AS Total_Units_Sold 
FROM sales s 
JOIN products p ON s.SKU_Coded = p.SKU_Coded 
WHERE EXTRACT(YEAR FROM s.Sold_Date) = 2023 
GROUP BY p.category 
ORDER BY Total_Units_Sold DESC;
'''

The resulting DataFrame has 6 rows with columns : category, Total_Units_Sold",,1.0,1.0059130485381158,,,,,,The chosen agent is Analyzer,,,,,,,,,"In 2023, the total units sold by product category are as follows: Dairy sold 141,284 units, Bakery sold 87,114 units, Beverages sold 71,131 units, Household sold 57,576 units, Personal Care sold 38,045 units, and Snacks sold 24,817 units. The overall total units sold across all categories is 419,967.",,1.0,1.0534754562500892,,,,,,The chosen agent is Visualizer,,,,,,,,,"The code for a proper visualization is:

'''python
x_data = data_df[config['x_axis']]
y_data = data_df[config['y_axis']]

plt.figure(figsize=(10, 6))
plt.bar(x_data, y_data)
plt.xlabel(config['x_axis'])
plt.ylabel(config['y_axis'])
plt.title(config['title'])

if len(x_data) > 10 or x_data.astype(str).str.len().max() > 10:
    plt.xticks(rotation=45, ha='right', fontsize=9)
else:
    plt.xticks(rotation=0)

plt.tight_layout()
plt.show()
'''
 The configuration for matplotlib is:
{'chart_type': 'bar', 'x_axis': 'category', 'y_axis': 'total_units', 'title': 'Total Units Sold by Product Category in 2023'}",,0.9999999999999999,1.0304149540721428,,,,,,The chosen agent is End,,,,0.0,0.0,0.0,0.0,0.0,0,0,0,0,0,0,0,0,0,0,0.0,0.0,0.0,0.0,0.0,0,0,0,0,0,0,0,0,0,0
low_temp_bench,14,"Return the top 3 brands by realized average selling price in 2023, where average price is computed as total revenue divided by total units sold, along with total units sold per brand",3,The chosen agent is Retriever,,,,,,,,,"I executed this query to retrieve the required data:

'''SQL
SELECT p.brand, 
       ROUND(SUM(s.Total_Sale_Value) / NULLIF(SUM(s.Qty_Sold), 0), 2) AS realized_avg_selling_price, 
       SUM(s.Qty_Sold) AS total_units_sold 
FROM sales s 
JOIN products p ON s.SKU_Coded = p.SKU_Coded 
WHERE EXTRACT(YEAR FROM s.Sold_Date) = 2023 
GROUP BY p.brand 
ORDER BY realized_avg_selling_price DESC 
LIMIT 3;
'''

The resulting DataFrame has 3 rows with columns : brand, realized_avg_selling_price, total_units_sold",,1.0,1.0158610632528693,,,,,,The chosen agent is Analyzer,,,,,,,,,"The top 3 brands by realized average selling price in 2023 are CrunchTime with an average price of $18.22 and total units sold of 24,817, GlowUp with an average price of $17.93 and total units sold of 38,045, and CleanHome with an average price of $17.11 and total units sold of 57,576.",,1.0,1.017554220332521,,,,,,The chosen agent is End,,,,0.0,0.0,0.0,0.0,0.0,,,,,,,,,,,,,,,,,,,0,0,0,0,0,0,0,0,0,0,,,,,,0,0,0,0,0,0,0,0,0,0
low_temp_bench,15,Return the top 8 cities by total revenue in 2023,3,The chosen agent is Retriever,,,,,,,,,"I executed this query to retrieve the required data:

'''SQL
SELECT st.city, SUM(s.Total_Sale_Value) AS Total_Revenue 
FROM sales s 
JOIN stores st ON s.Store_Number = st.Store_Number 
WHERE EXTRACT(YEAR FROM s.Sold_Date) = 2023 
GROUP BY st.city 
ORDER BY Total_Revenue DESC 
LIMIT 8;
'''

The resulting DataFrame has 8 rows with columns : city, Total_Revenue",,1.0,1.0054955795586062,,,,,,The chosen agent is Analyzer,,,,,,,,,"The top 8 cities by total revenue in 2023 are as follows: Washington with $331,128.83, Dallas with $258,377.21, Memphis with $249,908.47, Austin with $224,162.19, San Antonio with $204,549.96, San Diego with $191,375.95, Las Vegas with $188,026.54, and Seattle with $181,115.33. The total revenue across these cities amounts to $1,828,644.48.",,1.0,1.0189844971264337,,,,,,The chosen agent is End,,,,0.0,0.0,0.0,0.0,0.0,,,,,,,,,,,,,,,,,,,0,0,0,0,0,0,0,0,0,0,,,,,,0,0,0,0,0,0,0,0,0,0
low_temp_bench,16,Show 2023 revenue by region comparing Organic and Non-Organic products as a grouped bar chart,3,The chosen agent is Retriever,,,,,,,,,"I executed this query to retrieve the required data:

'''SQL
SELECT st.region, 
       p.is_organic, 
       SUM(s.Total_Sale_Value) AS Total_Revenue 
FROM sales s 
JOIN products p ON s.SKU_Coded = p.SKU_Coded 
JOIN stores st ON s.Store_Number = st.Store_Number 
WHERE EXTRACT(YEAR FROM s.Sold_Date) = 2023 
GROUP BY st.region, p.is_organic 
ORDER BY st.region, p.is_organic;
'''

The resulting DataFrame has 8 rows with columns : region, is_organic, Total_Revenue",,1.0,1.0108686109484695,,,,,,The chosen agent is Analyzer,,,,,,,,,"In 2023, the total revenue from Organic and Non-Organic products by region is as follows: In the Midwest, Non-Organic products generated $653,644.88 and Organic products $125,498.88; in the Northeast, Non-Organic revenue was $604,879.67 and Organic was $113,685.46; in the South, Non-Organic products earned $1,560,531.43 while Organic products brought in $320,121.83; and in the West, Non-Organic revenue reached $1,701,793.25 with Organic at $335,963.54. This data can be visualized as a grouped bar chart comparing the revenues of Organic and Non-Organic products across these regions.",,1.0,1.1439091095603988,,,,,,The chosen agent is Visualizer,,,,,,,,,"The code for a proper visualization is:

'''python
import matplotlib.pyplot as plt
import pandas as pd
import numpy as np

group_col = config['group_by']
x_col = config['x_axis']
y_col = config['y_axis']

groups = sorted(data_df[group_col].unique())
x_labels = sorted(data_df[x_col].unique())
x = np.arange(len(x_labels))
n_series = len(groups)
bar_width = 0.8 / n_series

plt.figure(figsize=(12, 6))
for i, group_val in enumerate(groups):
    df_group = data_df[data_df[group_col] == group_val].set_index(x_col)
    y_vals = [df_group.loc[xl, y_col] if xl in df_group.index else 0 for xl in x_labels]
    offset = (i - n_series / 2 + 0.5) * bar_width
    plt.bar(x + offset, y_vals, width=bar_width, label=str(group_val))

plt.xlabel(x_col)
plt.ylabel(y_col)
plt.title(config['title'])
plt.xticks(x, x_labels, rotation=45, ha='right')
plt.legend()
plt.grid(True, axis='y', alpha=0.3)
plt.tight_layout()
plt.show()
'''
 The configuration for matplotlib is:
{'chart_type': 'bar', 'x_axis': 'region', 'y_axis': 'total_revenue', 'group_by': 'is_organic', 'title': '2023 Revenue by Region for Organic vs Non-Organic Products'}",,0.9999999999999999,1.0039266719148687,,,,,,The chosen agent is End,,,,0.0,0.0,0.0,0.0,0.0,0,0,0,0,0,0,0,0,0,0,0.0,0.0,0.0,0.0,0.0,0,0,0,0,0,0,0,0,0,0
low_temp_bench,17,Compare average monthly revenue between store types for 2022 and 2023,4,The chosen agent is Retriever,,,,,,,,,"I executed this query to retrieve the required data:

'''SQL
SELECT st.store_type, s.yr AS year, ROUND(AVG(s.monthly_rev), 2) AS avg_monthly_revenue 
FROM (
    SELECT Store_Number, 
           EXTRACT(YEAR FROM CAST(Sold_Date AS DATE)) AS yr, 
           DATE_TRUNC('month', CAST(Sold_Date AS DATE)) AS month, 
           SUM(Total_Sale_Value) AS monthly_rev 
    FROM sales 
    WHERE EXTRACT(YEAR FROM CAST(Sold_Date AS DATE)) IN (2022, 2023) 
    GROUP BY Store_Number, yr, month
) s 
JOIN stores st ON s.Store_Number = st.Store_Number 
GROUP BY st.store_type, s.yr 
ORDER BY st.store_type, s.yr;
'''

The resulting DataFrame has 8 rows with columns : store_type, year, avg_monthly_revenue",,1.0,1.0033599700807345,,,,,,The chosen agent is Analyzer,,,,,,,,,"In 2022, the average monthly revenue for Convenience stores was $15,914.67, while in 2023 it decreased to $14,881.74. Discount stores saw a slight decline from $13,206.19 in 2022 to $13,122.83 in 2023, Hypermarkets dropped from $12,657.14 to $12,383.27, and Supermarkets decreased from $12,829.11 to $12,668.38 over the same period.",,1.0,1.0572521624048183,,,,,,The chosen agent is Visualizer,,,,,,,,,"The code for a proper visualization is:

'''python
import matplotlib.pyplot as plt
import pandas as pd
import numpy as np

group_col = config['group_by']
x_col = config['x_axis']
y_col = config['y_axis']

groups = sorted(data_df[group_col].unique())
x_labels = sorted(data_df[x_col].unique())
x = np.arange(len(x_labels))
n_series = len(groups)
bar_width = 0.8 / n_series

plt.figure(figsize=(12, 6))
for i, group_val in enumerate(groups):
    df_group = data_df[data_df[group_col] == group_val].set_index(x_col)
    y_vals = [df_group.loc[xl, y_col] if xl in df_group.index else 0 for xl in x_labels]
    offset = (i - n_series / 2 + 0.5) * bar_width
    plt.bar(x + offset, y_vals, width=bar_width, label=str(group_val))

plt.xlabel(x_col)
plt.ylabel(y_col)
plt.title(config['title'])
plt.xticks(x, x_labels, rotation=45, ha='right')
plt.legend()
plt.grid(True, axis='y', alpha=0.3)
plt.tight_layout()
plt.show()
'''
 The configuration for matplotlib is:
{'chart_type': 'bar', 'x_axis': 'store_type', 'y_axis': 'avg_monthly_revenue', 'group_by': 'year', 'title': 'Average Monthly Revenue by Store Type: 2022 vs 2023'}",,0.9999999999999999,1.0023906042262258,,,,,,The chosen agent is End,,,,0.0,0.0,0.0,0.0,0.0,0,0,0,0,0,0,0,0,0,0,0.0,0.0,0.0,0.0,0.0,0,0,0,0,0,0,0,0,0,0
low_temp_bench,18,"Show promo revenue share by product category for 2023 as a bar chart, expressing the share as a percentage of total revenue",4,The chosen agent is Retriever,,,,,,,,,"I executed this query to retrieve the required data:

'''SQL
SELECT p.category, 
       ROUND(SUM(CASE WHEN s.On_Promo = 1 THEN s.Total_Sale_Value ELSE 0 END) / NULLIF(SUM(s.Total_Sale_Value), 0) * 100, 2) AS promo_revenue_share
FROM sales s 
JOIN products p ON s.SKU_Coded = p.SKU_Coded 
WHERE EXTRACT(YEAR FROM s.Sold_Date) = 2023 
GROUP BY p.category 
ORDER BY promo_revenue_share DESC;
'''

The resulting DataFrame has 6 rows with columns : category, promo_revenue_share",,1.0,1.0163963744260565,,,,,,The chosen agent is Analyzer,,,,,,,,,"In 2023, the promo revenue share by product category is as follows: Snacks at 6.26%, Dairy at 5.0%, Personal Care at 1.9%, Bakery at 0.21%, and both Beverages and Household at 0.0%. The total promo revenue share across all categories is 13.37%.",,1.0,1.045525751909566,,,,,,The chosen agent is Visualizer,,,,,,,,,The generated code couldn't be executed,,0.8999999999999999,,,,,,,The chosen agent is End,,,,0.0,0.0,0.0,0.0,0.0,0,0,0,0,0,0,0,0,0,0,0.0,0.0,0.0,0.0,0.0,0,0,0,0,0,0,0,0,0,0
low_temp_bench,19,"Return the top 10 region-category combinations by year-over-year revenue growth from 2022 to 2023, showing revenue for both years and the growth expressed as a percentage rounded to 2 decimal places",4,The chosen agent is Retriever,,,,,,,,,"I executed this query to retrieve the required data:

'''SQL
SELECT 
    st.region, 
    p.category, 
    SUM(CASE WHEN YEAR(s.Sold_Date) = 2022 THEN s.Total_Sale_Value ELSE 0 END) AS revenue_2022,
    SUM(CASE WHEN YEAR(s.Sold_Date) = 2023 THEN s.Total_Sale_Value ELSE 0 END) AS revenue_2023,
    ROUND(
        (SUM(CASE WHEN YEAR(s.Sold_Date) = 2023 THEN s.Total_Sale_Value ELSE 0 END) - 
         SUM(CASE WHEN YEAR(s.Sold_Date) = 2022 THEN s.Total_Sale_Value ELSE 0 END)) / 
         NULLIF(SUM(CASE WHEN YEAR(s.Sold_Date) = 2022 THEN s.Total_Sale_Value ELSE 0 END), 0) * 100, 
        2) AS growth_percentage
FROM 
    sales s 
JOIN 
    products p ON s.SKU_Coded = p.SKU_Coded 
JOIN 
    stores st ON s.Store_Number = st.Store_Number 
WHERE 
    YEAR(s.Sold_Date) IN (2022, 2023) 
GROUP BY 
    st.region, p.category 
ORDER BY 
    growth_percentage DESC 
LIMIT 10;
'''

The resulting DataFrame has 10 rows with columns : region, category, revenue_2022, revenue_2023, growth_percentage",,1.0,1.032335440168805,,,,,,The chosen agent is Analyzer,,,,,,,,,"The top 10 region-category combinations by year-over-year revenue growth from 2022 to 2023 are as follows: 

1. Midwest, Dairy: $109,924.97 (2022), $177,962.09 (2023), Growth: 61.89%
2. Northeast, Dairy: $97,567.40 (2022), $148,380.87 (2023), Growth: 52.08%
3. West, Dairy: $302,663.61 (2022), $418,924.10 (2023), Growth: 38.41%
4. South, Dairy: $270,941.97 (2022), $371,696.55 (2023), Growth: 37.19%
5. Northeast, Beverages: $113,136.89 (2022), $132,240.01 (2023), Growth: 16.88%
6. South, Personal Care: $240,317.96 (2022), $264,557.94 (2023), Growth: 10.09%
7. South, Beverages: $314,634.11 (2022), $322,570.31 (2023), Growth: 2.52%
8. Northeast, Bakery: $165,082.51 (2022), $167,660.31 (2023), Growth: 1.56%
9. West, Beverages: $365,936.72 (2022), $368,724.49 (2023), Growth: 0.76%
10. Midwest, Personal Care: $97,222.05 (2022), $97,802.39 (2023), Growth: 0.60%",,0.875,1.0108715585903942,,,,,,The chosen agent is End,,,,0.0,0.0,0.0,0.0,0.0,,,,,,,,,,,,,,,,,,,0,0,0,0,0,0,0,0,0,0,,,,,,0,0,0,0,0,0,0,0,0,0
